id,first_name,last_name,dni
1,Guy,Croal,95345084
2,Zebedee,Corballis,73520232
3,Claudina,Jobson,92142484
4,Jewelle,Bremner,56553959
5,Jerrilyn,Bursnell,44846056
6,Iona,Somersett,45238734
7,Zollie,Lowther,44735169
8,Lira,Hilland,46456197
9,Joyous,Valler,30729142
10,Bert,Pleasance,41287242
11,Garnet,Falla,22096707
12,Ninette,Coggin,99712099
13,Buddie,Lake,43193668
14,Birk,Matsell,23490421
15,Sascha,Risdall,30332195
16,Emilie,Bradbury,12400419
17,Sebastien,D'Antuoni,89813315
18,Jackie,Evequot,10901996
19,Chas,Kick,30198263
20,Brockie,Biaggioli,72956716
21,Blair,Long,41782288
22,Althea,Plaunch,11464635
23,Ruthe,Makepeace,47346622
24,Al,Bench,23916971
25,Hilarius,Benois,84952418
26,Jessi,Rubenovic,78957155
27,Nathaniel,Delbergue,32391586
28,Halley,Sloy,84168093
29,Agneta,Dietsche,57135129
30,Dallis,Lumpkin,61838495
31,Harp,Lanktree,70457198
32,Adorne,Drewe,99420690
33,Kenon,Garfirth,27775815
34,Emogene,Buckeridge,61746059
35,Lenci,Fandrey,60265552
36,Con,Cawthery,55411238
37,Gaylord,Browell,39018824
38,Maighdiln,Tirte,53845028
39,Shirl,Mattingley,96392408
40,Andee,Skotcher,22001325
41,Etta,Joskowicz,35625360
42,Natala,Kenn,89332674
43,Ernst,McRory,27432308
44,Bealle,Buckenham,55140535
45,Nerti,Ockland,96112906
46,Lindie,Davidou,61225822
47,Ladonna,Oxbrow,16064914
48,Timmy,O'Kynsillaghe,32706532
49,Emile,Teaser,78647187
50,Niki,Hazel,39634031
51,Richmound,Laverty,50217346
52,Russ,Rosnau,24885300
53,Baudoin,Renvoise,18920652
54,Kacy,Proswell,47028738
55,Terence,Kennedy,60381103
56,Tanya,Battrick,80000437
57,Reinold,Yankov,18489252
58,Cora,Kalinovich,42894743
59,Care,Bolle,27358743
60,Andy,Partington,63554255
61,Morley,Petru,95640716
62,Calla,Vakhlov,21611183
63,Jodi,Fere,44459772
64,Hastie,Sabberton,11183484
65,Bryce,MacIlhargy,13781675
66,Kellby,Brevetor,43763835
67,Jo,Soars,39807371
68,Astrid,MacConnal,78964597
69,Hobie,Betser,82765750
70,Thibaut,Ewing,83621078
71,Korry,Seago,17496928
72,Latashia,Blower,24019489
73,Krisha,Schollick,87490171
74,Barbette,Beggio,96146143
75,Barbette,Rait,99403341
76,Vina,Warder,30269164
77,Dory,Hopkyns,80661973
78,Bar,Hagger,81824964
79,Tabbie,Gueste,18016717
80,Jorge,Eggleton,90387903
81,Jarvis,Watkinson,37706891
82,Ewan,Doud,61203871
83,Hetti,Abel,25886900
84,Tommie,Montilla,45040565
85,Camella,Aronovich,97797418
86,Amil,Prescote,55072276
87,Baxy,Oakeby,69705183
88,Inez,Wolfenden,83918303
89,Olympie,Michelin,53228411
90,Mal,Hundy,44090946
91,Yves,Spurge,22008464
92,Rube,Borges,33620016
93,Isaak,Nevett,21938276
94,North,Joslyn,81194831
95,Amory,Hurrion,30538637
96,Lilla,Gronow,73332162
97,Dallis,Glasspoole,34607669
98,Riley,Twentyman,18068502
99,Isidor,Foley,41707352
100,Freddie,Canario,32972226
101,Gamaliel,Foottit,63574954
102,Keefe,Shuttle,72745616
103,Nancey,Routhorn,99021846
104,Essie,Fipp,93200420
105,Atalanta,Stannering,64492720
106,Faith,Fallow,31621372
107,Ward,Stonebridge,27441747
108,Carine,Lethlay,71546496
109,Adair,Frankiss,60201990
110,Jarrid,Pigrome,26142478
111,Lonnard,Spritt,99865679
112,Cammie,Pinnegar,89633067
113,Kasey,Spurnier,73681370
114,Sherline,Melia,95468879
115,Bill,Dobrowolski,13670159
116,Antonio,Gurys,40578145
117,Pablo,Milillo,31496905
118,Othello,Ashfull,67321297
119,Jordan,Mitkin,15011489
120,Iver,MacPike,39709918
121,Marthe,Buttler,92008349
122,Idaline,Brougham,29732684
123,Ogdan,Judd,40878390
124,Kessiah,Cappell,79724309
125,Sal,Felderer,36402652
126,Emmaline,Cribbins,76751608
127,Beatrisa,Cannon,93268656
128,Ryan,Bartolomeoni,94058220
129,Cameron,Liell,89294982
130,Gerhard,Mulvaney,27812469
131,Gawen,Keightley,83401390
132,Graig,Bennetto,33963459
133,Heida,Brignall,41081364
134,Estele,Joskowicz,64667741
135,Sherie,Sidary,26819540
136,Maxwell,Jeays,35024820
137,Britteny,Neeve,40779525
138,Andreana,Poulsum,42092685
139,Georges,Hartle,80686181
140,Celie,De Courtney,19945489
141,Perceval,Shilling,55644328
142,Rodd,Kenlin,51032396
143,Tony,Calver,29070994
144,Melodee,Ingry,46294852
145,Shelley,Artz,20746756
146,Shannon,Leighfield,20334732
147,Karina,Kroll,16806324
148,Danette,Torrisi,78606149
149,Christalle,Kuhle,71394939
150,Lura,Sheardown,28150631
151,Terrance,Langlais,73684027
152,Lorelle,Reeveley,81054256
153,Mohandas,Thurman,78819124
154,Kassia,Caccavella,89172376
155,Sharleen,Concannon,86995689
156,Hesther,Frensch,80690827
157,Silvana,Gillian,91437955
158,Gasparo,Gillfillan,17441660
159,Ikey,Mellanby,99947622
160,Marco,Traill,40314156
161,Martha,Bendel,52662476
162,Caralie,Decaze,22222310
163,Merline,Aizikovitch,56462340
164,Stephanus,Sendall,91602459
165,Jethro,McClory,11877016
166,Alanah,Marti,82063043
167,Barclay,Miebes,62391215
168,Riordan,Lagadu,66473565
169,Sonnnie,Ballam,81199643
170,Shelagh,Matzeitis,91545271
171,Eliot,Snap,82663367
172,Gerti,Gibbett,80567782
173,Alyss,Newns,34140232
174,Harmony,Becke,75117235
175,Timoteo,Mowles,52332980
176,Myer,Etuck,39589616
177,Quintilla,Trathen,46343249
178,Matilda,Songust,80412883
179,Inna,Du Hamel,77394963
180,Krysta,Hecks,83099386
181,Vanessa,Huke,53042252
182,Ezmeralda,Gloster,54893977
183,Melita,Winslow,39836202
184,Gloriana,Robez,55767011
185,Amberly,Bowcock,25355792
186,Leeanne,Hurdedge,82432507
187,Ardelia,Weightman,55494239
188,Kinna,Drewett,27913395
189,Jacquenette,Sextie,68280000
190,Maiga,Beardow,74240206
191,Paule,Jandourek,37195032
192,Alena,Rockcliff,37024614
193,Yevette,Balshaw,59424931
194,Ferdinande,Gooderson,50503276
195,Eal,Rablen,74739538
196,Goddart,Riehm,70838993
197,Krishna,Calyton,18907294
198,Krissy,Petchell,86277530
199,Barb,Enrico,99911133
200,Luigi,Tripe,52148303
201,Clari,Robjant,33946773
202,Glen,Dickin,95601193
203,Otes,Heliet,57708924
204,Portia,Halbeard,64176135
205,Karalee,Ivushkin,69044767
206,Buddie,Hackley,10926397
207,Garvey,Causon,50544754
208,Leesa,York,75941538
209,Jenny,Geindre,21371974
210,Holmes,Lefeuvre,29714786
211,Derk,Jerrom,37491719
212,Jacenta,MacSween,87186677
213,Kile,Wollacott,81112455
214,Morris,Garshore,73416864
215,Phillis,Tattam,97455863
216,Earl,Meddings,19699710
217,Ilario,Rozier,98719987
218,Irv,Morales,88515513
219,Claresta,Ortler,10987837
220,Charlean,Gooders,15998146
221,Rosabel,Duggen,83389836
222,Bradney,Brimman,89807998
223,Bing,Rooper,14208203
224,Morgana,Clohisey,64995298
225,Delphine,Effnert,51402711
226,Darby,Santori,91037642
227,Jeramey,Ganiford,26693755
228,Joey,Rogister,15711738
229,Katlin,Spinke,81362407
230,Tally,Arndtsen,70094907
231,Ardene,Kidder,44714009
232,Odo,Isakson,25042343
233,Raquel,Dugood,62112759
234,Martica,Boise,84853989
235,Lulu,Djorvic,93591501
236,Caron,Martinovic,99721716
237,Beverlie,Peggs,61462881
238,Nonna,Staddart,31914186
239,Britni,Surgood,23598969
240,Flemming,Puve,21111770
241,Alethea,Gardener,10459884
242,Henrietta,Narrie,67799784
243,Marthena,Devita,24959184
244,Dori,Josephoff,30844116
245,Taddeusz,Ginger,98001694
246,Valenka,Renachowski,60738090
247,Rona,Clynter,84934249
248,Mavis,Climo,69613266
249,Cindi,Lygoe,85113869
250,Roobbie,Millican,99408906
251,Kerk,McKenney,34841852
252,Fee,Lampett,68208449
253,Aharon,Buist,76024254
254,Brenda,Beavon,46927928
255,Nara,Putt,72385251
256,Anatole,Preble,68032306
257,Tamara,Wigglesworth,60549464
258,Debbi,Quarlis,49260872
259,Krissy,Jessel,43941847
260,Melita,Gale,79207877
261,Debera,Beatey,16527489
262,Jackelyn,Gregorio,38079218
263,Judie,Holgan,66901552
264,Rafaelita,Morriarty,71800948
265,Ardelle,Ekless,49490882
266,Jaimie,Merton,69345411
267,Wilie,Battabee,35153254
268,Mack,Wohlers,52382461
269,Giovanni,Kuhn,67899823
270,Kris,Perillio,68729261
271,Torin,Waller,80966160
272,Bartholomeus,Lode,24493001
273,Isaak,Simner,89246311
274,Rickie,Kundert,63925060
275,Rosemaria,McGregor,27277153
276,Cord,McMullen,41155029
277,Tandie,Swigg,41546112
278,Simone,Beushaw,50121577
279,Erinna,Neary,41941845
280,Venita,Hesey,53574295
281,Nikita,Probin,60064560
282,Teddie,Dwire,28356916
283,Gussy,MacGinney,99568338
284,Reynard,Skule,32512805
285,Blondell,Alvis,99452405
286,Charis,Tebald,60774688
287,Terri-jo,Dulany,50013790
288,Abbie,Haile,75518875
289,Stevy,Romney,30981193
290,Angel,Dast,60273138
291,Elizabet,Sinnock,15844676
292,Ellery,Crouse,80425328
293,Fitzgerald,Wanell,13900772
294,Marilee,Abrehart,99856249
295,Micki,Albarez,21991031
296,Irwinn,Jesty,13842942
297,Wye,Gwilliam,36581910
298,Pegeen,Embury,39104766
299,Kore,Midson,21246089
300,Ginni,Bartosinski,69389862
301,Katha,Pickup,62959893
302,Stacey,Jacquest,72496235
303,Jennica,Buzek,68530611
304,Ciel,Gioan,60918525
305,Almira,Fernandez,60825285
306,Ailbert,Housecraft,92458858
307,Jean,Revill,77848948
308,Aubrey,Georg,63191575
309,Shea,Duesbury,22700956
310,Eb,Cicculini,34599699
311,Piotr,Oakden,93631812
312,Stacy,Peachey,35931204
313,Darell,Ranking,61050502
314,Dorrie,Spritt,23663183
315,Cleo,Thring,53999597
316,Neile,Crampsey,28492857
317,Stephani,Regorz,22823217
318,Agata,Leopold,85282426
319,Roseanne,Barnewall,34593656
320,Abigail,Shama,71567631
321,Rogerio,Archard,24672509
322,Odette,O'Carrol,10640655
323,Percival,Baldung,79111485
324,Asher,O'Mara,65069758
325,Anne-marie,Havock,18850081
326,Gamaliel,Krysztofowicz,97891584
327,Concordia,Howland,92171302
328,Liz,Glancey,73467786
329,Shoshanna,Millery,47854064
330,Ingeborg,Rhodes,28205024
331,Corby,Peyton,83704387
332,Darnell,Brailey,80375404
333,Artie,Flooks,72216554
334,Benson,Cossey,87497318
335,Curt,Hadgkiss,85126155
336,Nealy,Sivewright,64729089
337,Gale,Racher,63104612
338,Ronnie,Chalcraft,23064526
339,Goldarina,Kempton,68763845
340,Tarra,Antliff,63108528
341,Dore,Mathissen,44464239
342,Tiphany,Kinch,63950558
343,Inglis,Goadbie,46666522
344,Magdalene,Bonehill,48210481
345,Osmund,Adamiak,76488837
346,Leon,Calendar,37062193
347,Maddy,Jevon,41655577
348,Sofie,Carnell,40415179
349,Angelina,Goodding,83106968
350,Elia,Dawdry,57310989
351,Aridatha,Pinchback,41118585
352,Katuscha,Scougall,72475197
353,Alf,Paddy,64095554
354,Bevan,Bouch,41304325
355,Lek,Viste,26275038
356,Dougie,Efford,80620210
357,Cherry,Gagin,68112566
358,Juliana,Inchcomb,22942320
359,Magdalena,Boughen,50376494
360,Ann,Coppo,67493226
361,Shae,Rabl,86639238
362,Benn,Fedoronko,39438804
363,Tamiko,Cornillot,39644316
364,Margo,Lambrechts,20258181
365,Odessa,MacPike,78175507
366,Tucky,Sorro,33528111
367,Kristien,Berceros,47274881
368,Sibbie,Senner,85875418
369,Codi,Mell,97598591
370,Farlay,Grafham,56176852
371,Izabel,Chansonne,15839747
372,Shanie,Orange,61503312
373,Gasper,Krysztowczyk,13787643
374,Merrill,Cantera,66719446
375,Fonz,Beeson,78344011
376,Meg,Bruckent,32274999
377,Amelie,Leek,92886714
378,Regan,Philcock,45642350
379,Allix,Frandsen,88792164
380,Jelene,Feuell,45275697
381,Feodor,Croshaw,40586164
382,Deedee,Winship,27873527
383,Samara,Heamus,96746842
384,Estelle,Sjostrom,12688207
385,Kaylee,Tortoishell,43968754
386,Dane,Stobbart,20752562
387,Averyl,Raddin,65744947
388,Filberte,Hussy,74933833
389,Donni,Crips,51469054
390,Marchelle,Bownde,22220637
391,Suellen,Takis,67843289
392,Demetris,MacFaell,80271580
393,Nickola,Tolliday,44203439
394,Chevalier,Agney,38126323
395,Annemarie,Dunlea,67722043
396,Cross,Buddle,35557348
397,Creight,Lynds,11992806
398,Holly-anne,Weedall,23166640
399,Gus,Simmig,10807744
400,Pippa,Stevens,12895083
401,Leonardo,Orrey,33616041
402,Rosabelle,Binnes,56166019
403,Giulia,Booler,92402042
404,Melita,Kivlehan,99975105
405,Hanan,Jodlkowski,62967200
406,Paige,Tomsu,79887100
407,Essie,Lorens,81785536
408,Linn,Ketley,38838946
409,Reeba,Rose,81885808
410,Massimiliano,Billing,71775305
411,Julina,Jursch,74010845
412,Lizzy,Malcher,91210677
413,Griffie,Sorbie,81831134
414,Adah,Kenrick,23721882
415,Roseann,Parlot,17662716
416,Dwayne,Maggiori,83461880
417,Cassy,Speck,28395261
418,Junie,Vink,84043975
419,Sadie,Warburton,56014650
420,Tyler,Treppas,59795091
421,Niall,Archer,15964452
422,Karleen,Doonican,70474607
423,Rhett,Syson,44390954
424,Truman,Chastaing,54024442
425,Bethanne,Ghelerdini,31262264
426,Allison,Collicott,75745174
427,Clea,Hark,86864615
428,Boy,Surgison,36199833
429,Shurlocke,Ianitti,83457416
430,Keri,Devonside,14303692
431,Tamarra,Frankowski,64787644
432,Dore,Parmby,21140192
433,Alejoa,Inott,65830975
434,Wilburt,Condit,52112959
435,Meir,Fenwick,62047723
436,Archy,Selwyn,90744275
437,Beauregard,Pailin,53713065
438,Stacey,Dollen,25106469
439,Bevin,Blaxland,95931879
440,Reggie,Dow,87926471
441,Lizbeth,Thunder,76648605
442,Tiphani,Guesford,57219590
443,Maiga,Gulleford,33282607
444,Flo,Dibson,72153756
445,Muire,Josum,84447144
446,Larisa,Waterdrinker,27057906
447,Georgeanna,Damerell,16125569
448,Sile,Malinson,96274134
449,Moira,Teliga,82204756
450,Annamarie,Mastrantone,78999932
451,Amelia,Puckett,76545179
452,Joete,Helin,46782228
453,Camellia,Simants,44636979
454,Christyna,Kennermann,44049096
455,Davey,Muehler,46260145
456,Marcille,Greenacre,15591843
457,Rahel,Garrood,71366928
458,Valentin,Bertl,47562976
459,Martina,Davidove,13778856
460,Dorie,Gouley,96552904
461,Barbra,Munn,21763160
462,Halli,Cowdray,66035505
463,Elita,Bener,97073686
464,Ardelis,Matthewman,66956296
465,Jilleen,Pandya,78738565
466,Phyllida,Sexcey,25948464
467,Eirena,Lemme,66887777
468,Rogers,Mival,50110601
469,Ava,Sarre,56339350
470,Sanderson,Phonix,32072812
471,Faustina,MacUchadair,34542165
472,Nevile,Vaen,22625741
473,Evelyn,Himsworth,38764317
474,Cesaro,Klarzynski,72509193
475,Nora,Hartnell,28443674
476,Giustina,Pinilla,64528479
477,Trish,Feirn,40136209
478,Sybila,Whitlaw,83681489
479,Sabrina,Ratie,84471125
480,Norton,Silverson,20201585
481,Nikki,Raxworthy,68482917
482,Eugenie,Gravy,50678733
483,Curcio,Kidstoun,57735116
484,Ode,Sehorsch,23559106
485,Gena,Glossup,82654315
486,Sallyanne,Cossar,27744427
487,Cassandre,Bance,72305007
488,Kelsey,Gorbell,59225081
489,Osmund,Shiers,67875760
490,Silvain,Jarvie,14688857
491,Fairlie,Zylberdik,59089032
492,Danny,Werlock,57574132
493,Wilfrid,Lockley,49587919
494,Selena,Ivain,41059082
495,Minne,Crecy,82564216
496,Jania,Andreichik,72079646
497,Feliza,Deverale,31429972
498,Darda,Wilsey,66021116
499,Morris,Corah,92922648
500,Kit,Dunton,29717901
501,Brucie,Meiningen,16557705
502,Ileana,Eddisford,10128419
503,Konstanze,Bowdrey,18892997
504,Callean,Waddingham,56543140
505,Eugene,Genner,77277478
506,Garwood,Provis,14336287
507,Nancie,Burchard,90218726
508,Windham,Lowle,74482873
509,Kev,Lafaye,39117528
510,Julianna,Ciccotto,60556553
511,Dido,Di Ruggiero,62963243
512,Sharline,Paulton,61568556
513,Witty,Gentzsch,51764128
514,Christalle,Breche,84643646
515,Farlee,Armstrong,14747846
516,Tansy,Basson,36349708
517,Yovonnda,Carnelley,95263946
518,Dulciana,Whittock,98339567
519,Herbie,Gilbertson,74736212
520,Flin,Pundy,60042281
521,Noelyn,Pogg,70903568
522,Dona,Gaylor,34395046
523,Emmet,Wooderson,85641932
524,Sherman,Spurden,76812880
525,Lori,Stoyles,36911836
526,Deeyn,Jeenes,27006137
527,Aldis,Duffie,57868788
528,Wileen,Poulsen,48349622
529,Kerr,Chastney,91014526
530,Xenos,McGann,11107037
531,Harwell,Tailby,90019379
532,Pancho,Ianetti,99144788
533,Gabriello,Chater,62472139
534,Sheilah,Wildes,92755905
535,Cornelia,Negal,62204146
536,Vin,Boles,37386094
537,Nola,Ince,21973607
538,Luce,Muneely,38693484
539,Stevena,Gash,70766659
540,Roy,MacGeffen,94771135
541,Ilka,Dennett,80235187
542,Ingram,Stocken,33695791
543,Ros,Eastbury,53640058
544,Tracy,Akitt,61998702
545,Kary,Maase,56531160
546,Bell,Weedall,85299903
547,Danice,Darbyshire,73687904
548,Juliette,Witz,39077349
549,Sheffie,Harber,65252591
550,Melisent,Cauderlie,88708445
551,Lucienne,Gissop,15428219
552,Giraldo,Benasik,82537651
553,Evy,Serjent,93755384
554,Reena,McIleen,56095252
555,Sheri,Compfort,74950660
556,Cleve,Pickett,96624703
557,Muffin,Bagger,70904761
558,Jenna,Colliver,43565736
559,Bartlet,Girardot,99900998
560,Andie,Skunes,56085235
561,Monty,Ielden,89411467
562,Clemmie,Plaschke,59382006
563,Goraud,Keneleyside,46904747
564,Johnathon,Fillingham,87252883
565,Kara,Wileman,90193952
566,Leon,Martin,86061101
567,Deb,Calcraft,35699395
568,Granny,Cobbing,67301966
569,Bobine,Douthwaite,53402022
570,Reggi,Langer,55512348
571,Clarance,Ketteringham,34407296
572,Alexander,Pothbury,98359029
573,Drusie,Gehrels,83609813
574,Marlane,Bassick,96850157
575,Augusto,Spelling,90547936
576,Giavani,Vasiliu,38717398
577,Daria,Putman,64785485
578,Aurilia,Grouen,15958413
579,Jamey,Kleinplac,85827722
580,Garv,Petrak,53295528
581,Bridgette,Ragdale,15845537
582,Gabie,Tomanek,93475009
583,Sibelle,Crady,82858953
584,Lyell,Loseke,55708717
585,Yancey,Royden,69702639
586,Heida,Fishbie,10832010
587,Regine,Poole,45103729
588,Elsy,MacAndreis,21374758
589,Stephie,Rathmell,25659349
590,Townie,Stanfield,33140412
591,Querida,Buist,91220297
592,Cherice,Dimmne,60295276
593,Cecile,Brahams,10346791
594,Ardyce,Borland,53489058
595,Bobby,Soars,21782439
596,Massimiliano,Cristea,38613726
597,Kizzee,Ryam,89722769
598,Raine,Greveson,71625649
599,Vevay,O'Lennachain,55666671
600,Agata,Buttress,18864063
601,Hestia,Spracklin,91908818
602,Dmitri,Sellars,27865667
603,Domeniga,Peltz,15270042
604,Forster,Moulsdall,58156973
605,Beck,De Freyne,17802175
606,Laetitia,Point,60792022
607,Kassey,Baughan,51138927
608,Mandie,Bellenger,55988802
609,Dwight,Kahen,91005078
610,Sam,Roisen,61007506
611,Benedicta,Sabbins,46441590
612,Cheslie,Ffrench,74736161
613,Basia,Lagden,20469517
614,Florence,Matiasek,30974574
615,Margaux,Auston,70744804
616,Brewer,Redgrave,61267921
617,Charmion,Siuda,19200424
618,Codee,Jikovsky,26496038
619,Vaughan,Sanderson,80354684
620,Ban,Peet,29499105
621,Faun,Kettoe,51783950
622,Abey,Mahomet,84769576
623,Hieronymus,Warrior,86653005
624,Waldon,Marsham,63883948
625,Lesya,MacFarlan,28050780
626,Hatty,Benedite,90091581
627,Lulita,Brittoner,15753876
628,Lazare,Dakhov,33771039
629,Joanie,Luetkemeyers,51813269
630,Sophie,Ruilton,80664484
631,Joyous,Guise,43225157
632,Agretha,Bickers,11097986
633,Lalo,Cargon,29091696
634,Kare,Judson,94821848
635,Granthem,Mowbray,68220150
636,Dorry,Abele,90689192
637,Larisa,Bate,21501144
638,Kay,Lisamore,11960766
639,Gayelord,McGahey,91437375
640,Sharlene,Sumers,40997014
641,Lainey,Thomazin,36355601
642,Benton,Bett,37631658
643,Grove,Pitkethly,12573560
644,Corrina,Dadd,51748354
645,Channa,Richardes,11490904
646,Clerkclaude,Muzzall,85841661
647,Aldwin,Panyer,59251611
648,Romain,Goad,48145186
649,Reed,Standfield,58743106
650,Glyn,State,86254622
651,Marchelle,McCourtie,44159395
652,Rois,Lightoller,97039211
653,Nathaniel,William,83047984
654,Danie,Poel,95495310
655,Lora,Cullum,13855067
656,Abbi,Gatlin,49432148
657,Darin,Corey,70286232
658,Anabal,Oxborough,73041132
659,Jannelle,Halligan,37096266
660,Eulalie,Keble,77039644
661,Morgun,Jumonet,56063231
662,Wilmette,Heak,83545291
663,Jens,Szymczyk,70290735
664,Kerwinn,Heakey,85182861
665,Jarrett,MacDiarmond,65468388
666,Lynda,Houseman,38796618
667,Garrard,Tenpenny,42671569
668,Kristine,Werny,44524480
669,Don,Mawtus,92528382
670,Eduino,Melwall,14242018
671,Yank,Yarranton,97669365
672,Jorrie,Salkild,14537756
673,Remington,Eggle,54497294
674,Lorenzo,Fittall,64805073
675,Teodor,Townby,55858407
676,Lisle,Give,76044024
677,Tito,Gohier,39668414
678,Hort,Rahill,26052811
679,Humfried,Oliphand,56262760
680,Reinaldo,Winson,14136001
681,Meghan,MacBain,54128229
682,Jennica,Dawdry,53335616
683,Gardner,Bartrum,46738449
684,Abe,Laurisch,16524992
685,Petr,Deackes,72899667
686,Katalin,Muggeridge,39127748
687,Brooks,Willcocks,51339853
688,Kristal,Kubasek,21464390
689,Ximenes,Coltart,54331774
690,Kerk,Daniel,71299776
691,Arney,Mushrow,71317624
692,Harlie,Greener,67214431
693,Liv,Thomasson,22855808
694,Gary,Borgne,90141197
695,Andromache,Lunbech,69214324
696,Mandy,Ayto,95591116
697,Mellisent,Wohler,21185661
698,Sayre,Burgoyne,66468795
699,Austina,Sanderson,52889395
700,Julius,Turbayne,93440479
701,Nydia,Cleveland,80063456
702,Ralina,Eustice,98589034
703,Elihu,Hyne,21424530
704,Gerry,Kurten,70336423
705,Rheba,O'Crowley,59525243
706,Gretna,Falkinder,98164243
707,Margery,Dehmel,15688966
708,Stinky,Searchwell,84235065
709,Johnny,Pautard,44052873
710,Drusie,Mullany,98147931
711,Jamal,Wardington,57581821
712,Lorrie,Poynton,37001283
713,Rozanna,Andrew,94374982
714,Claudell,Bitten,14428557
715,Alexio,Streetley,77960822
716,Alleyn,Ivanuschka,59325825
717,Brooke,Ivanishchev,29936603
718,Xymenes,Bickardike,46550131
719,Donny,Witherdon,42915107
720,Harlin,Ollivierre,82875584
721,Blanca,Standell,12885700
722,Ardine,Gissing,89821402
723,Carmelina,Lecky,78126850
724,Lewie,Rolfini,92091408
725,Anna,Stair,19799498
726,Vikki,Davidovich,95525981
727,Rodie,Warrior,42137895
728,Barrie,Plaskitt,82271757
729,Brandie,Edie,43768566
730,Abdul,Hulse,85196164
731,Kipper,Quilter,88087809
732,Petronella,Skryne,52824256
733,Sancho,Mounter,98089183
734,Giffie,McQuaid,45232692
735,Dionis,Brandts,87732122
736,Dulcine,Narrie,67278754
737,Gisella,MacLardie,44098616
738,Jordon,Di Angelo,53001677
739,Mozes,Guillart,90571372
740,Kelvin,Fryd,56377044
741,Christiane,Mullen,94027430
742,Audrie,Weekley,19520030
743,Leshia,Dunridge,35761375
744,Catherine,Grishkov,48807875
745,Jobina,Copp,52221023
746,Kali,Swendell,32360069
747,Lindy,Rickerby,51566943
748,Emanuele,Moyse,39081445
749,Donetta,Brodley,19642900
750,Brew,Resdale,57587680
751,Nichol,Celes,40818909
752,Arthur,Chandlar,33942615
753,Hendrik,Balsillie,95588229
754,Salvatore,Shepherd,51576268
755,Saunders,Measom,46854155
756,Jodi,Ridel,52871498
757,Kirsten,Kellart,89791286
758,Wallace,Swainson,65372519
759,Hewitt,Spinola,61143283
760,Gordan,Leynton,28163115
761,Randee,Candlin,42543088
762,Johnathan,Mewburn,46905087
763,Titus,Screach,24986341
764,Katee,Eglinton,87010172
765,Marion,Jackling,27539808
766,Micky,Faudrie,83479445
767,Janeen,Madre,54529110
768,Chrisy,Haslam,26066491
769,Ludvig,Farrens,48895002
770,Mariquilla,Walrond,21049441
771,Odell,Canete,43149897
772,Shayla,Rumney,44607928
773,Jerad,Sheddan,97647347
774,Stephenie,Cocks,50733630
775,Nealon,Tawse,69136636
776,Paquito,Edowes,58010070
777,Hogan,Rex,12679324
778,Jodie,Philippet,86221089
779,Elva,Drane,48128731
780,Arel,Brimilcombe,20290153
781,Gaspard,Leal,43374248
782,Waldon,Baggott,76876975
783,Gardy,Broomer,43799192
784,Rosemaria,Curtayne,84960540
785,Court,Biggin,31566747
786,Tynan,Kindall,47100169
787,Allianora,Ponnsett,47734795
788,Giorgia,Stainer,27971626
789,Olia,Ginn,42454092
790,Anjela,Togher,37355836
791,Natal,McCrow,30054626
792,Adrien,Bitterton,29131458
793,Yancey,Clackson,31121178
794,Marshall,Binley,78297560
795,Louisa,Leveritt,39855531
796,Pablo,Mangham,28589876
797,Corrina,Veal,35067353
798,Karlens,Croke,78385131
799,Jilleen,Aylward,15229886
800,Caddric,Ravel,74488922
801,Leshia,Salman,78563620
802,Pattie,Chilton,68881695
803,Richart,Morton,51258228
804,Cale,Beddoes,73608437
805,Sig,Hache,27496287
806,Dimitri,Cawsy,81449110
807,Tanner,Mathelon,28020820
808,Owen,MacGaughey,45855955
809,Devan,Schoenfisch,80983642
810,Binnie,Vasyukhnov,27375775
811,Rhianon,Slaney,99176506
812,Irving,Fischer,31606613
813,Merrill,McGreil,21152794
814,Konstance,Dillow,69904537
815,Benedetta,Dudeney,68178055
816,Guilbert,Leggon,23480613
817,Rogerio,Berceros,42819898
818,Jobina,Blunderfield,32852695
819,Esmaria,Blackboro,25122973
820,Marylin,Daouze,42588869
821,Carmita,Dellenbach,21596774
822,Hazel,McCartan,29967868
823,Ibbie,Jessopp,55201621
824,Janaye,Durbyn,43677303
825,Torr,Downer,23738652
826,Gaile,Oats,92300642
827,Johnna,Bestar,22589050
828,Carey,Geist,84453575
829,Greggory,Merrikin,14979929
830,Davie,Alpe,97286750
831,Herminia,Pyrah,17563148
832,Kristal,Sturr,65743072
833,Jonell,Gooderson,90944608
834,Imogene,Tolotti,63165749
835,Wallace,Dreinan,32098599
836,Lura,Paull,61175177
837,Romeo,Ilyushkin,99011039
838,Den,Hearons,21544426
839,Sherilyn,McKerron,18870053
840,Riane,Kittman,68536586
841,Marshal,Sergeant,66822302
842,Egor,Jellico,52351059
843,Walton,Sappy,86756749
844,Celina,Cusack,20770162
845,Bevin,Cartmel,15251316
846,Tildy,Paramore,20794662
847,Rosalinda,Bellsham,52299145
848,Trudy,Dutch,46774700
849,Sonia,Yepiskopov,64389429
850,Christian,Aire,27049942
851,Alfy,Bromige,59339712
852,Nadeen,Blueman,93736296
853,Stacy,Smullen,59636443
854,Becky,Luckwell,76347282
855,Fallon,Pavolini,76832329
856,Katalin,Karlsson,67024791
857,Lawrence,Satterley,88283267
858,Marlo,Damp,93067039
859,Val,Mollatt,23863989
860,Molly,Kedge,32410181
861,Deidre,Temple,26706040
862,Damita,Soulsby,88824031
863,Addy,Bursnell,75547396
864,Giulio,Forestel,76996361
865,Godfree,Groomebridge,82102676
866,Parry,Bourhill,94685825
867,Belvia,Scard,51594540
868,Neils,Snibson,91123047
869,Curtice,Veljes,61806932
870,Marline,Yearn,30117106
871,Trace,Dymocke,94358491
872,Ainsley,d' Elboux,77933997
873,Michelle,Drissell,82565338
874,Lindon,Kimmings,37148282
875,Trudy,Brechin,25035170
876,Steve,Choke,30830222
877,My,Dewfall,84249251
878,Larry,Flux,95330687
879,Tybie,Denzey,55255270
880,Syd,Bartoszinski,64118032
881,Bailey,Handes,58764238
882,Hayward,Rowlands,36396171
883,Maurise,Bachnic,95951656
884,Bronson,Renn,25745910
885,Noel,Cottier,27125346
886,Curry,Strathe,93366154
887,Stormy,Draude,47323629
888,Randy,Cogger,11366021
889,Dianne,Keller,89482620
890,Mathew,Canti,59395311
891,Adrian,Cicchillo,24342826
892,Timmie,Barden,23086379
893,Andrus,Jiggle,91001854
894,Trenton,Farress,97770032
895,Dacie,Minster,74849640
896,Jacobo,McNirlan,55692209
897,Helaine,Mushett,32460078
898,Dorette,Purseglove,74353052
899,Jere,Skrine,14787752
900,Adam,Di Biasio,67669383
901,Angelia,Parrett,66177832
902,Estelle,Greenside,28405004
903,Maximilianus,Lehr,40033328
904,Cos,Bettington,58599297
905,Munroe,Mains,30682092
906,Neddie,Baseggio,53386581
907,Hale,Kesley,96982971
908,Tannie,Vigneron,66602806
909,Merell,Verma,67507560
910,Tildie,Bengochea,88797078
911,Rudd,Willimot,29641487
912,Angelique,Parnall,46030368
913,Lizabeth,Couldwell,35243392
914,Kacy,Ridgley,10709010
915,Adolphus,Aistrop,85487029
916,Jena,Chapleo,86370364
917,Eran,Pickvance,12343557
918,Nance,Bartoshevich,90470890
919,Rafaelita,Veracruysse,84031683
920,Elyssa,Chasteau,23333816
921,Pauly,Ranfield,35087771
922,Isaak,Balmer,70200303
923,Ramonda,Olive,82128695
924,Amie,Colbourn,56599323
925,Bordie,Jozwik,41919495
926,Rhianon,Willes,76598841
927,Kylie,Van Giffen,55442298
928,Fitzgerald,Dron,41409266
929,Nadya,Eacle,92864250
930,Odille,Booth,14776551
931,Filia,Hark,35964863
932,Leland,Persence,36874980
933,Marybelle,Robatham,11846669
934,Lillian,Took,96945738
935,Xymenes,Gosden,25059017
936,Linnell,Hachette,75949008
937,Meredeth,Penn,87214158
938,Ricky,Islep,23346250
939,Gunter,Wallice,69194169
940,Reinold,Arnecke,71336215
941,Pepita,Alflatt,39558446
942,Abra,Simeone,39892595
943,Arney,Valintine,48073206
944,Creight,Druhan,60531962
945,Hilton,Youthed,14889225
946,Tani,Choake,40032584
947,Stirling,Tevelov,73584750
948,Frazer,Balls,10429654
949,Feliks,Ralston,20835374
950,Bernardo,Allner,89896271
951,Garry,Olek,90060546
952,Sarene,Piddock,16223020
953,Shirline,Houselee,86508131
954,Benetta,Lelliott,34304159
955,Mendel,Shakesbye,35002788
956,Sutherland,Hulls,85871229
957,Kyrstin,Laybourne,93077826
958,Kipp,Maggiori,23218486
959,Twila,Erdes,91751584
960,Ivett,Luscombe,43233771
961,Eleni,Spering,21083097
962,Stace,Stannah,91102867
963,Albertine,Dark,65289254
964,Lenci,Wallis,15789360
965,Levon,Bootell,59373533
966,Harcourt,Nowakowska,62905359
967,Sayer,Muino,54153381
968,Redd,Thwaite,19975935
969,Gonzalo,Reeson,77528344
970,Hamlen,Toghill,30208377
971,Patin,Kitchingham,12564648
972,Deirdre,Maccari,85375749
973,Janaya,Glason,98363074
974,Teresa,Callear,28980440
975,Bendix,Ravenscroft,20845454
976,Arny,Craigmyle,71358811
977,Carmelle,Larive,29065138
978,Kim,Tiddeman,69960106
979,Corissa,Pearse,11751591
980,Morgan,Gillcrist,42442759
981,Iain,Beazleigh,20122144
982,Ronni,Connerry,61036815
983,Tomasine,Philp,49976197
984,Coraline,Elphinston,13221905
985,Robinet,Cheston,59118478
986,Ingeberg,Babar,49728822
987,Andie,Willas,47516449
988,Kettie,Perot,90392560
989,Hatty,Elner,57950403
990,Jackelyn,McGuire,57905291
991,Steve,McKeag,60609026
992,Rossie,Loukes,47273711
993,Jori,Ornillos,56759728
994,Murial,Wright,26782692
995,Maximilianus,Biglin,91181228
996,Urson,Yegorov,29520599
997,Ritchie,Bill,97465775
998,Aurelie,Kinnock,70421805
999,Sherry,Trenaman,58585614
1000,Walker,Pawsey,15736752
